Id,Label,POS_Category,Total_Frequency
pouvoir,pouvoir,VERB,1716
savoir,savoir,VERB,1275
main,main,NOUN,1148
Killian,Killian,PROPN,1090
vouloir,vouloir,VERB,1042
cœur,cœur,NOUN,880
fois,fois,NOUN,849
temps,temps,NOUN,786
prendre,prendre,VERB,781
aller,aller,VERB,780
Arya,Arya,PROPN,765
oeil,oeil,NOUN,752
mot,mot,NOUN,743
devoir,devoir,VERB,695
tête,tête,NOUN,686
regard,regard,NOUN,667
seul,seul,ADJ,651
Alric,Alric,PROPN,640
corps,corps,NOUN,640
petit,petit,ADJ,630
Aïdan,Aïdan,PROPN,611
sang,sang,NOUN,593
laisser,laisser,VERB,592
grand,grand,ADJ,571
nouveau,nouveau,ADJ,569
passer,passer,VERB,565
venir,venir,VERB,565
mots,mots,PROPN,535
vie,vie,NOUN,531
voir,voir,VERB,521
voix,voix,NOUN,519
mettre,mettre,VERB,518
visage,visage,NOUN,483
monde,monde,NOUN,468
magie,magie,NOUN,467
Reina,Reina,PROPN,458
comprendre,comprendre,VERB,447
côté,côté,NOUN,438
Abel,Abel,PROPN,434
rester,rester,VERB,434
jour,jour,NOUN,422
donner,donner,VERB,421
peau,peau,NOUN,419
voleur,voleur,NOUN,419
souvenir,souvenir,NOUN,413
croire,croire,VERB,404
âme,âme,NOUN,403
dernier,dernier,ADJ,396
bras,bras,NOUN,393
beau,beau,ADJ,392
attendre,attendre,VERB,391
moment,moment,NOUN,381
doute,doute,NOUN,379
doigt,doigt,NOUN,373
prince,prince,NOUN,369
chose,chose,NOUN,368
trouver,trouver,VERB,367
connaître,connaître,VERB,365
falloir,falloir,VERB,363
aimer,aimer,VERB,362
perdre,perdre,VERB,349
coup,coup,NOUN,342
mort,mort,NOUN,339
besoin,besoin,NOUN,335
Passeuse,Passeuse,PROPN,333
œil,œil,NOUN,333
devenir,devenir,VERB,331
sourire,sourire,NOUN,329
penser,penser,VERB,324
propre,propre,ADJ,324
nuit,nuit,NOUN,320
demander,demander,VERB,318
lumière,lumière,NOUN,317
air,air,NOUN,316
rendre,rendre,VERB,315
amour,amour,NOUN,314
bouche,bouche,NOUN,313
noir,noir,ADJ,313
sentir,sentir,VERB,313
tomber,tomber,VERB,310
esprit,esprit,NOUN,309
question,question,NOUN,309
peur,peur,NOUN,307
émotion,émotion,NOUN,304
place,place,NOUN,294
fin,fin,NOUN,293
pied,pied,NOUN,289
arriver,arriver,VERB,287
force,force,NOUN,282
homme,homme,NOUN,281
entendre,entendre,VERB,276
nom,nom,NOUN,276
chercher,chercher,VERB,272
créature,créature,NOUN,267
tenir,tenir,VERB,264
porter,porter,VERB,261
épaule,épaule,NOUN,260
dos,dos,NOUN,257
ouvrir,ouvrir,VERB,256
blanc,blanc,ADJ,253
ciel,ciel,NOUN,252
arbre,arbre,NOUN,251
fasciné,fasciné,PROPN,251
feu,feu,NOUN,250
sembler,sembler,VERB,250
sortir,sortir,VERB,249
vrai,vrai,ADJ,249
long,long,ADJ,248
cheveu,cheveu,NOUN,247
femme,femme,NOUN,246
histoire,histoire,NOUN,245
eau,eau,NOUN,243
vérité,vérité,NOUN,240
terre,terre,NOUN,236
part,part,NOUN,234
étoile,étoile,NOUN,227
changer,changer,VERB,224
lèvre,lèvre,NOUN,224
parler,parler,VERB,223
bout,bout,NOUN,221
raison,raison,NOUN,220
arrêter,arrêter,VERB,218
porte,porte,NOUN,216
rouge,rouge,ADJ,216
partie,partie,NOUN,212
tour,tour,NOUN,211
continuer,continuer,VERB,210
ombre,ombre,NOUN,209
oublier,oublier,VERB,208
retrouver,retrouver,VERB,208
famille,famille,NOUN,206
tourner,tourner,VERB,205
douleur,douleur,NOUN,204
envie,envie,NOUN,203
livre,livre,NOUN,203
seconde,seconde,NOUN,203
traverser,traverser,VERB,203
suivre,suivre,VERB,201
mère,mère,NOUN,200
intérieur,intérieur,NOUN,199
odeur,odeur,NOUN,196
prêt,prêt,ADJ,194
silence,silence,NOUN,194
pensée,pensée,NOUN,193
servir,servir,VERB,192
jouer,jouer,VERB,191
fond,fond,NOUN,190
garder,garder,VERB,187
souffrance,souffrance,NOUN,187
quitter,quitter,VERB,186
chair,chair,NOUN,184
cacher,cacher,VERB,183
compter,compter,VERB,183
exister,exister,VERB,183
heure,heure,NOUN,183
répondre,répondre,VERB,183
choix,choix,NOUN,180
simple,simple,ADJ,180
confiance,confiance,NOUN,179
secret,secret,NOUN,179
importer,importer,VERB,178
lever,lever,VERB,177
rire,rire,NOUN,177
sens,sens,NOUN,177
chemin,chemin,NOUN,174
mourir,mourir,VERB,174
verre,verre,NOUN,174
poser,poser,VERB,173
rejoindre,rejoindre,VERB,172
sûr,sûr,ADJ,172
compagnon,compagnon,NOUN,171
compte,compte,NOUN,171
finir,finir,VERB,171
ami,ami,NOUN,170
revenir,revenir,VERB,167
bleu,bleu,ADJ,166
oreille,oreille,NOUN,166
fleur,fleur,NOUN,165
pierre,pierre,NOUN,165
aider,aider,VERB,164
Thorval,Thorval,PROPN,162
accepter,accepter,VERB,162
manière,manière,NOUN,162
mauvais,mauvais,ADJ,162
milieu,milieu,NOUN,162
retenir,retenir,VERB,162
poitrine,poitrine,NOUN,161
sol,sol,NOUN,161
empêcher,empêcher,VERB,160
sombre,sombre,ADJ,159
droit,droit,NOUN,158
larme,larme,NOUN,157
étrange,étrange,ADJ,157
combat,combat,NOUN,156
forme,forme,NOUN,156
relever,relever,VERB,156
soleil,soleil,NOUN,156
parole,parole,NOUN,155
posséder,posséder,VERB,155
réponse,réponse,NOUN,155
geste,geste,NOUN,154
plume,plume,NOUN,153
tendre,tendre,VERB,153
présent,présent,NOUN,152
bois,bois,NOUN,151
couleur,couleur,NOUN,151
lieu,lieu,NOUN,151
peine,peine,NOUN,151
cause,cause,NOUN,150
utiliser,utiliser,VERB,150
idée,idée,NOUN,149
rêve,rêve,NOUN,148
royaume,royaume,NOUN,147
ancien,ancien,ADJ,145
impression,impression,NOUN,145
bruit,bruit,NOUN,144
enfant,enfant,NOUN,144
lien,lien,NOUN,144
face,face,NOUN,143
offrir,offrir,VERB,143
réussir,réussir,VERB,143
Mantra,Mantra,PROPN,142
aile,aile,NOUN,142
battre,battre,VERB,142
colère,colère,NOUN,142
jeter,jeter,VERB,142
abandonner,abandonner,VERB,141
frère,frère,NOUN,141
rose,rose,NOUN,141
toucher,toucher,VERB,141
arracher,arracher,VERB,140
sentiment,sentiment,NOUN,140
beauté,beauté,NOUN,139
jeune,jeune,ADJ,139
manquer,manquer,VERB,139
mémoire,mémoire,NOUN,139
protéger,protéger,VERB,139
roi,roi,NOUN,139
partir,partir,VERB,138
image,image,NOUN,137
père,père,NOUN,137
vide,vide,NOUN,137
Cassandre,Cassandre,PROPN,136
Teslan,Teslan,PROPN,136
cri,cri,NOUN,136
Dhurgal,Dhurgal,PROPN,135
miroir,miroir,NOUN,135
énergie,énergie,NOUN,135
cas,cas,NOUN,134
former,former,VERB,134
instant,instant,NOUN,134
tuer,tuer,VERB,134
décider,décider,VERB,133
reprendre,reprendre,VERB,133
ressembler,ressembler,VERB,133
commencer,commencer,VERB,132
lit,lit,NOUN,132
montrer,montrer,VERB,132
éclat,éclat,NOUN,132
Archelune,Archelune,PROPN,131
Eidolôn,Eidolôn,PROPN,131
froid,froid,ADJ,131
jambe,jambe,NOUN,131
désir,désir,NOUN,130
présence,présence,NOUN,130
ressentir,ressentir,VERB,130
souffle,souffle,NOUN,130
travers,travers,NOUN,130
capable,capable,ADJ,129
choisir,choisir,VERB,129
langue,langue,NOUN,129
table,table,NOUN,129
approcher,approcher,VERB,128
forêt,forêt,NOUN,128
appartenir,appartenir,VERB,127
pousser,pousser,VERB,127
cœurs,cœurs,NOUN,126
obliger,obliger,VERB,126
refuser,refuser,VERB,126
reste,reste,NOUN,126
arène,arène,PROPN,124
chance,chance,NOUN,124
cou,cou,NOUN,124
espoir,espoir,NOUN,124
ligne,ligne,NOUN,124
éphémère,éphémère,PROPN,124
Megara,Megara,PROPN,123
apprendre,apprendre,VERB,123
puissant,puissant,ADJ,123
attention,attention,NOUN,122
bas,bas,ADJ,122
chaleur,chaleur,NOUN,122
flamme,flamme,NOUN,122
lieutenant,lieutenant,NOUN,122
pluie,pluie,NOUN,122
Rosenwald,Rosenwald,PROPN,121
invisible,invisible,ADJ,121
retirer,retirer,VERB,121
ville,ville,NOUN,121
enfoncer,enfoncer,VERB,120
retourner,retourner,VERB,120
sorte,sorte,NOUN,120
Victoria,Victoria,PROPN,119
regarder,regarder,VERB,119
vivre,vivre,VERB,119
arme,arme,NOUN,118
nez,nez,NOUN,118
créer,créer,VERB,117
meilleur,meilleur,ADJ,117
mouvement,mouvement,NOUN,117
voler,voler,VERB,117
croiser,croiser,VERB,115
essayer,essayer,VERB,115
genre,genre,NOUN,115
serpent,serpent,NOUN,115
ténèbre,ténèbre,NOUN,115
os,os,NOUN,114
réalité,réalité,NOUN,114
briser,briser,VERB,113
général,général,NOUN,113
mur,mur,NOUN,113
possible,possible,ADJ,113
échapper,échapper,VERB,113
argent,argent,NOUN,112
sauver,sauver,VERB,112
Hélianthe,Hélianthe,PROPN,111
écouter,écouter,VERB,111
Luna,Luna,PROPN,110
douceur,douceur,NOUN,110
creux,creux,NOUN,109
gorge,gorge,NOUN,109
maître,maître,NOUN,109
nature,nature,NOUN,109
ventre,ventre,NOUN,109
agir,agir,VERB,108
remarquer,remarquer,VERB,108
chaud,chaud,ADJ,107
endroit,endroit,NOUN,107
fille,fille,NOUN,107
moindre,moindre,ADJ,107
véritable,véritable,ADJ,107
entrer,entrer,VERB,106
pièce,pièce,NOUN,106
suffire,suffire,VERB,106
parfait,parfait,ADJ,105
parfum,parfum,NOUN,105
silhouette,silhouette,NOUN,105
accompagner,accompagner,VERB,104
fil,fil,NOUN,104
minute,minute,NOUN,104
entier,entier,ADJ,103
espérer,espérer,VERB,103
guide,guide,NOUN,103
imaginer,imaginer,VERB,103
masque,masque,NOUN,103
paupière,paupière,NOUN,103
Hélios,Hélios,PROPN,102
Palladium,Palladium,PROPN,102
atteindre,atteindre,VERB,102
cristal,cristal,NOUN,102
découvrir,découvrir,VERB,102
jeu,jeu,NOUN,102
partager,partager,VERB,102
conscience,conscience,NOUN,101
papillon,papillon,NOUN,101
suite,suite,NOUN,101
Sol'Zar,Sol'Zar,PROPN,100
brûler,brûler,VERB,100
couler,couler,VERB,100
monstre,monstre,NOUN,100
vieux,vieux,ADJ,100
accrocher,accrocher,VERB,99
gris,gris,ADJ,99
obscurité,obscurité,NOUN,99
sœur,sœur,NOUN,99
Saren,Saren,PROPN,98
tenter,tenter,VERB,98
éloigner,éloigner,VERB,98
Limë,Limë,PROPN,97
appel,appel,NOUN,97
commun,commun,ADJ,97
couper,couper,VERB,97
naître,naître,VERB,97
vent,vent,NOUN,97
début,début,NOUN,96
monter,monter,VERB,96
avancer,avancer,VERB,95
combattant,combattant,NOUN,95
semblable,semblable,ADJ,95
accueillir,accueillir,VERB,94
appeler,appeler,VERB,94
cadeau,cadeau,NOUN,94
ennemi,ennemi,NOUN,94
humain,humain,ADJ,94
oiseau,oiseau,NOUN,94
page,page,NOUN,94
passage,passage,NOUN,94
plaisir,plaisir,NOUN,94
animal,animal,NOUN,93
chambre,chambre,NOUN,93
disparaître,disparaître,VERB,93
profond,profond,ADJ,93
saule,saule,NOUN,93
baiser,baiser,NOUN,92
encre,encre,NOUN,92
retour,retour,NOUN,92
répéter,répéter,VERB,92
révéler,révéler,VERB,92
état,état,NOUN,92
doux,doux,ADJ,91
détourner,détourner,VERB,91
heureux,heureux,ADJ,91
libérer,libérer,VERB,91
marche,marche,NOUN,91
mériter,mériter,VERB,91
remettre,remettre,VERB,91
accorder,accorder,VERB,90
amuser,amuser,VERB,90
charger,charger,VERB,90
poids,poids,NOUN,90
rencontrer,rencontrer,VERB,90
vision,vision,NOUN,90
Mantras,Mantras,PROPN,89
gros,gros,ADJ,89
important,important,ADJ,89
lire,lire,VERB,89
frapper,frapper,VERB,88
gardien,gardien,NOUN,88
vue,vue,NOUN,88
Onyx,Onyx,PROPN,87
coin,coin,NOUN,87
fermer,fermer,VERB,87
observer,observer,VERB,87
poing,poing,NOUN,87
repousser,repousser,VERB,87
écarter,écarter,VERB,87
ajouter,ajouter,VERB,86
front,front,NOUN,86
obtenir,obtenir,VERB,86
occuper,occuper,VERB,86
préférer,préférer,VERB,86
avance,avance,NOUN,85
contenir,contenir,VERB,85
poussière,poussière,NOUN,85
sujet,sujet,NOUN,85
surprendre,surprendre,VERB,85
trait,trait,NOUN,85
admettre,admettre,VERB,84
contraire,contraire,NOUN,84
fou,fou,ADJ,84
magique,magique,ADJ,84
soir,soir,NOUN,84
souhaiter,souhaiter,VERB,84
cesser,cesser,VERB,83
dent,dent,NOUN,83
déposer,déposer,VERB,83
rage,rage,NOUN,83
allonger,allonger,VERB,82
chemise,chemise,NOUN,82
feuille,feuille,NOUN,82
maison,maison,NOUN,82
racine,racine,NOUN,82
vois,vois,ADJ,82
avouer,avouer,VERB,81
destin,destin,NOUN,81
effacer,effacer,VERB,81
flèche,flèche,NOUN,81
glisser,glisser,VERB,81
joue,joue,NOUN,81
lourd,lourd,ADJ,81
recevoir,recevoir,VERB,81
tirer,tirer,VERB,81
branche,branche,NOUN,80
dangereux,dangereux,ADJ,80
dieu,dieu,NOUN,80
reconnaître,reconnaître,VERB,80
voulais,voulais,VERB,80
angoisse,angoisse,NOUN,79
confier,confier,VERB,79
danger,danger,NOUN,79
joie,joie,NOUN,79
permettre,permettre,VERB,79
pire,pire,NOUN,79
reflet,reflet,NOUN,79
remplir,remplir,VERB,79
sensation,sensation,NOUN,79
veine,veine,NOUN,79
évidence,évidence,NOUN,79
foyer,foyer,PROPN,78
habitude,habitude,NOUN,78
ordre,ordre,NOUN,78
signe,signe,NOUN,78
Naessis,Naessis,PROPN,77
apporter,apporter,VERB,77
calme,calme,NOUN,77
difficile,difficile,ADJ,77
goutte,goutte,NOUN,77
haine,haine,NOUN,77
surface,surface,NOUN,77
blessure,blessure,NOUN,76
bonheur,bonheur,NOUN,76
carte,carte,NOUN,76
ferraille,ferraille,PROPN,76
mer,mer,NOUN,76
précieux,précieux,ADJ,76
réveiller,réveiller,VERB,76
épée,épée,NOUN,76
chaos,chaos,NOUN,75
expliquer,expliquer,VERB,75
fer,fer,NOUN,75
garde,garde,NOUN,75
pointer,pointer,VERB,75
raconter,raconter,VERB,75
soulever,soulever,VERB,75
supporter,supporter,VERB,75
Guérisseuse,Guérisseuse,PROPN,74
contenter,contenter,VERB,74
forcer,forcer,VERB,74
goût,goût,NOUN,74
lueur,lueur,NOUN,74
léger,léger,ADJ,74
maudit,maudit,ADJ,74
mois,mois,NOUN,74
moitié,moitié,NOUN,74
morceau,morceau,NOUN,74
reine,reine,NOUN,74
soldat,soldat,NOUN,74
éclater,éclater,VERB,74
élever,élever,VERB,74
Miasme,Miasme,PROPN,72
année,année,NOUN,72
apparence,apparence,NOUN,72
faux,faux,ADJ,72
manque,manque,NOUN,72
paraître,paraître,VERB,72
paume,paume,NOUN,72
prisonnier,prisonnier,NOUN,72
sable,sable,NOUN,72
écraser,écraser,VERB,72
œuvre,œuvre,NOUN,72
Loothar,Loothar,PROPN,71
Nightbringer,Nightbringer,PROPN,71
cage,cage,NOUN,71
couche,couche,NOUN,71
herbe,herbe,NOUN,71
illusion,illusion,NOUN,71
magnifique,magnifique,ADJ,71
marquer,marquer,VERB,71
récupérer,récupérer,VERB,71
sec,sec,ADJ,71
torse,torse,NOUN,71
conscient,conscient,ADJ,70
courage,courage,NOUN,70
cuir,cuir,NOUN,70
détacher,détacher,VERB,70
marcher,marcher,VERB,70
pression,pression,NOUN,70
prononcer,prononcer,VERB,70
préparer,préparer,VERB,70
saisir,saisir,VERB,70
drôle,drôle,ADJ,69
envoyer,envoyer,VERB,69
fils,fils,NOUN,69
fumée,fumée,NOUN,69
inné,inné,PROPN,69
nourrir,nourrir,VERB,69
plaie,plaie,NOUN,69
proposer,proposer,VERB,69
éviter,éviter,VERB,69
Gemelli,Gemelli,PROPN,68
existence,existence,NOUN,68
lancer,lancer,VERB,68
lâcher,lâcher,VERB,68
mener,mener,VERB,68
parvenir,parvenir,VERB,68
pencher,pencher,VERB,68
sommeil,sommeil,NOUN,68
taille,taille,NOUN,68
éteindre,éteindre,VERB,68
Ignis,Ignis,PROPN,67
battement,battement,NOUN,67
gagner,gagner,VERB,67
profiter,profiter,VERB,67
prêter,prêter,VERB,67
regretter,regretter,VERB,67
secouer,secouer,VERB,67
transformer,transformer,VERB,67
vêtement,vêtement,NOUN,67
Khamsin,Khamsin,PROPN,66
bord,bord,NOUN,66
imposer,imposer,VERB,66
iris,iris,NOUN,66
oser,oser,VERB,66
rappeler,rappeler,VERB,66
rare,rare,ADJ,66
robe,robe,NOUN,66
séparer,séparer,VERB,66
unique,unique,ADJ,66
court,court,ADJ,65
fantôme,fantôme,NOUN,65
lame,lame,NOUN,65
liberté,liberté,NOUN,65
preuve,preuve,NOUN,65
remonter,remonter,VERB,65
rôle,rôle,NOUN,65
trace,trace,NOUN,65
Horner,Horner,PROPN,64
caresser,caresser,VERB,64
cauchemar,cauchemar,NOUN,64
dépasser,dépasser,VERB,64
espace,espace,NOUN,64
libre,libre,ADJ,64
maintenir,maintenir,VERB,64
métal,métal,NOUN,64
pleurer,pleurer,VERB,64
problème,problème,NOUN,64
sourcil,sourcil,NOUN,64
vert,vert,ADJ,64
voile,voile,NOUN,64
Bruixe,Bruixe,PROPN,63
aide,aide,NOUN,63
allié,allié,NOUN,63
détester,détester,VERB,63
hauteur,hauteur,NOUN,63
inquiéter,inquiéter,VERB,63
intéresser,intéresser,VERB,63
muscle,muscle,NOUN,63
tableau,tableau,NOUN,63
Halgerta,Halgerta,PROPN,62
emporter,emporter,VERB,62
membre,membre,NOUN,62
prix,prix,NOUN,62
reposer,reposer,VERB,62
bête,bête,NOUN,61
cendre,cendre,NOUN,61
cité,cité,NOUN,61
contact,contact,NOUN,61
culpabilité,culpabilité,NOUN,61
glacé,glacé,ADJ,61
guerre,guerre,NOUN,61
objet,objet,NOUN,61
remplacer,remplacer,VERB,61
valoir,valoir,VERB,61
vivant,vivant,ADJ,61
Onome,Onome,PROPN,60
Pixie,Pixie,PROPN,60
briller,briller,VERB,60
déplacer,déplacer,VERB,60
fier,fier,ADJ,60
fondre,fondre,VERB,60
impossible,impossible,ADJ,60
lumineux,lumineux,ADJ,60
paix,paix,NOUN,60
pointe,pointe,NOUN,60
puissance,puissance,NOUN,60
rencontre,rencontre,NOUN,60
revanche,revanche,NOUN,60
réfléchir,réfléchir,VERB,60
vague,vague,NOUN,60
adorer,adorer,VERB,59
attirer,attirer,VERB,59
brillant,brillant,ADJ,59
corneille,corneille,NOUN,59
couronne,couronne,NOUN,59
cracher,cracher,VERB,59
dormir,dormir,VERB,59
déverser,déverser,VERB,59
enrouler,enrouler,VERB,59
fenêtre,fenêtre,NOUN,59
horreur,horreur,NOUN,59
incapable,incapable,ADJ,59
miracle,miracle,NOUN,59
naturel,naturel,ADJ,59
niveau,niveau,NOUN,59
pauvre,pauvre,ADJ,59
reculer,reculer,VERB,59
réclamer,réclamer,VERB,59
sortilège,sortilège,NOUN,59
souffrir,souffrir,VERB,59
toile,toile,NOUN,59
étouffer,étouffer,VERB,59
Lyncée,Lyncée,PROPN,58
appuyer,appuyer,VERB,58
devr,devr,VERB,58
détail,détail,NOUN,58
perfection,perfection,NOUN,58
plonger,plonger,VERB,58
poche,poche,NOUN,58
souffler,souffler,VERB,58
symbole,symbole,NOUN,58
écouler,écouler,VERB,58
épais,épais,ADJ,58
Séïa,Séïa,PROPN,57
cercle,cercle,NOUN,57
information,information,NOUN,57
mesure,mesure,NOUN,57
pareil,pareil,NOUN,57
peinture,peinture,NOUN,57
ramener,ramener,VERB,57
représenter,représenter,VERB,57
respirer,respirer,VERB,57
revoir,revoir,VERB,57
sacrifice,sacrifice,NOUN,57
tristesse,tristesse,NOUN,57
violence,violence,NOUN,57
Gallicia,Gallicia,PROPN,56
Kortan,Kortan,PROPN,56
Protego,Protego,PROPN,56
acte,acte,NOUN,56
descendre,descendre,VERB,56
décision,décision,NOUN,56
départ,départ,NOUN,56
envoler,envoler,VERB,56
ongle,ongle,NOUN,56
phrase,phrase,NOUN,56
plaire,plaire,VERB,56
plan,plan,NOUN,56
présenter,présenter,VERB,56
rattraper,rattraper,VERB,56
équilibre,équilibre,NOUN,56
Een,Een,PROPN,55
Légèreté,Légèreté,NOUN,55
Ravenwood,Ravenwood,PROPN,55
bouger,bouger,VERB,55
crâne,crâne,NOUN,55
fonctionner,fonctionner,VERB,55
marque,marque,NOUN,55
refermer,refermer,VERB,55
respiration,respiration,NOUN,55
tas,tas,NOUN,55
tempête,tempête,NOUN,55
triste,triste,ADJ,55
écrire,écrire,VERB,55
Archalyens,Archalyens,PROPN,54
Galéjade,Galéjade,PROPN,54
arrivée,arrivée,NOUN,54
attraper,attraper,VERB,54
champ,champ,NOUN,54
déchirer,déchirer,VERB,54
dégager,dégager,VERB,54
espèce,espèce,NOUN,54
occasion,occasion,NOUN,54
rassurer,rassurer,VERB,54
sauter,sauter,VERB,54
Nergal,Nergal,PROPN,53
affaire,affaire,NOUN,53
asseoir,asseoir,VERB,53
chagrin,chagrin,NOUN,53
château,château,NOUN,53
clé,clé,NOUN,53
douloureux,douloureux,ADJ,53
dévorer,dévorer,VERB,53
erreur,erreur,NOUN,53
nombre,nombre,NOUN,53
planter,planter,VERB,53
plaquer,plaquer,VERB,53
poignet,poignet,NOUN,53
réplique,réplique,NOUN,53
surprise,surprise,NOUN,53
bulle,bulle,NOUN,52
corde,corde,NOUN,52
direction,direction,NOUN,52
dur,dur,ADJ,52
foule,foule,NOUN,52
glace,glace,NOUN,52
hanche,hanche,NOUN,52
ignorer,ignorer,VERB,52
lier,lier,VERB,52
neige,neige,NOUN,52
nuage,nuage,NOUN,52
promesse,promesse,NOUN,52
subir,subir,VERB,52
survivre,survivre,VERB,52
valeur,valeur,NOUN,52
échange,échange,NOUN,52
Marâ,Marâ,PROPN,51
destinée,destinée,NOUN,51
drap,drap,NOUN,51
débarrasser,débarrasser,VERB,51
désespoir,désespoir,NOUN,51
détruire,détruire,VERB,51
entrée,entrée,NOUN,51
frontière,frontière,PROPN,51
hésiter,hésiter,VERB,51
large,large,ADJ,51
nuque,nuque,NOUN,51
parent,parent,NOUN,51
suspendre,suspendre,VERB,51
éternel,éternel,ADJ,51
assurer,assurer,VERB,50
avis,avis,NOUN,50
chaîne,chaîne,NOUN,50
cicatrice,cicatrice,NOUN,50
clair,clair,ADJ,50
coller,coller,VERB,50
colonne,colonne,NOUN,50
combattre,combattre,VERB,50
contempler,contempler,VERB,50
couverture,couverture,NOUN,50
expression,expression,NOUN,50
grave,grave,ADJ,50
index,index,NOUN,50
inviter,inviter,VERB,50
mission,mission,NOUN,50
placer,placer,VERB,50
prochain,prochain,ADJ,50
tendresse,tendresse,NOUN,50
Cœur,Cœur,PROPN,49
achever,achever,VERB,49
apparaître,apparaître,VERB,49
attaque,attaque,NOUN,49
conversation,conversation,NOUN,49
embrasser,embrasser,VERB,49
fiole,fiole,NOUN,49
folie,folie,NOUN,49
insecte,insecte,NOUN,49
liquide,liquide,NOUN,49
matin,matin,NOUN,49
peuple,peuple,NOUN,49
pitié,pitié,NOUN,49
prévenir,prévenir,VERB,49
renverser,renverser,VERB,49
sacré,sacré,ADJ,49
tronc,tronc,NOUN,49
violet,violet,ADJ,49
âge,âge,NOUN,49
Sumrala,Sumrala,PROPN,48
boule,boule,NOUN,48
coincer,coincer,VERB,48
crainte,crainte,NOUN,48
enfermer,enfermer,VERB,48
entraîner,entraîner,VERB,48
faible,faible,ADJ,48
gonfler,gonfler,VERB,48
malade,malade,ADJ,48
ordinaire,ordinaire,ADJ,48
quête,quête,NOUN,48
rejeter,rejeter,VERB,48
second,second,ADJ,48
sueur,sueur,NOUN,48
trembler,trembler,VERB,48
volonté,volonté,NOUN,48
Meg,Meg,PROPN,47
atmosphère,atmosphère,NOUN,47
cuisse,cuisse,NOUN,47
céder,céder,VERB,47
double,double,ADJ,47
effort,effort,NOUN,47
entourer,entourer,VERB,47
exprimer,exprimer,VERB,47
franchir,franchir,VERB,47
fruit,fruit,NOUN,47
manger,manger,VERB,47
percer,percer,VERB,47
provoquer,provoquer,VERB,47
rivière,rivière,NOUN,47
tromper,tromper,VERB,47
voie,voie,NOUN,47
-tac,-tac,PROPN,46
accord,accord,NOUN,46
boire,boire,VERB,46
cadavre,cadavre,NOUN,46
centaine,centaine,NOUN,46
demeurer,demeurer,VERB,46
désoler,désoler,VERB,46
facile,facile,ADJ,46
faute,faute,NOUN,46
flotter,flotter,VERB,46
flou,flou,ADJ,46
genou,genou,NOUN,46
goûter,goûter,VERB,46
honte,honte,NOUN,46
mine,mine,NOUN,46
ouvert,ouvert,ADJ,46
paysage,paysage,NOUN,46
pleureur,pleureur,ADJ,46
solzarien,solzarien,ADJ,46
sort,sort,NOUN,46
tache,tache,NOUN,46
trône,trône,NOUN,46
époque,époque,NOUN,46
Thiban,Thiban,PROPN,45
absence,absence,NOUN,45
blesser,blesser,VERB,45
coude,coude,NOUN,45
cours,cours,NOUN,45
don,don,NOUN,45
excuser,excuser,VERB,45
exploser,exploser,VERB,45
intention,intention,NOUN,45
limite,limite,NOUN,45
parchemin,parchemin,NOUN,45
promettre,promettre,VERB,45
rythme,rythme,NOUN,45
scène,scène,NOUN,45
serrer,serrer,VERB,45
soin,soin,NOUN,45
solide,solide,ADJ,45
spectacle,spectacle,NOUN,45
Héldon,Héldon,PROPN,44
Valaan,Valaan,PROPN,44
absorber,absorber,VERB,44
assister,assister,VERB,44
boîte,boîte,NOUN,44
cape,cape,NOUN,44
cruel,cruel,ADJ,44
dague,dague,NOUN,44
digne,digne,ADJ,44
désert,désert,NOUN,44
exclamer,exclamer,VERB,44
groupe,groupe,NOUN,44
intérêt,intérêt,NOUN,44
inutile,inutile,ADJ,44
lointain,lointain,ADJ,44
mentir,mentir,VERB,44
peindre,peindre,VERB,44
prier,prier,VERB,44
relâcher,relâcher,VERB,44
remède,remède,NOUN,44
salle,salle,NOUN,44
terme,terme,NOUN,44
travail,travail,NOUN,44
vaincre,vaincre,VERB,44
écorce,écorce,NOUN,44
agréable,agréable,ADJ,43
apprécier,apprécier,VERB,43
avenir,avenir,NOUN,43
but,but,NOUN,43
changement,changement,NOUN,43
conséquence,conséquence,NOUN,43
crier,crier,VERB,43
cristaux,cristaux,NOUN,43
distance,distance,NOUN,43
fierté,fierté,NOUN,43
grandir,grandir,VERB,43
géant,géant,ADJ,43
menton,menton,NOUN,43
murmurer,murmurer,VERB,43
mèche,mèche,NOUN,43
percevoir,percevoir,VERB,43
plat,plat,NOUN,43
protecteur,protecteur,NOUN,43
rideau,rideau,NOUN,43
route,route,NOUN,43
sein,sein,NOUN,43
sérieux,sérieux,ADJ,43
victoire,victoire,NOUN,43
aise,aise,NOUN,42
amoureux,amoureux,ADJ,42
attente,attente,NOUN,42
avaler,avaler,VERB,42
balancer,balancer,VERB,42
bouclier,bouclier,NOUN,42
boue,boue,NOUN,42
cesse,cesse,NOUN,42
chasser,chasser,VERB,42
choc,choc,NOUN,42
composer,composer,VERB,42
contrôler,contrôler,VERB,42
danser,danser,VERB,42
essence,essence,NOUN,42
fendre,fendre,VERB,42
gant,gant,NOUN,42
grain,grain,NOUN,42
inconnu,inconnu,ADJ,42
joyau,joyau,NOUN,42
livrer,livrer,VERB,42
moyen,moyen,NOUN,42
murmure,murmure,NOUN,42
perte,perte,NOUN,42
plafond,plafond,NOUN,42
pur,pur,ADJ,42
redresser,redresser,VERB,42
retomber,retomber,VERB,42
risque,risque,NOUN,42
rouler,rouler,VERB,42
source,source,NOUN,42
écart,écart,NOUN,42
éclair,éclair,NOUN,42
action,action,NOUN,41
affronter,affronter,VERB,41
agripper,agripper,VERB,41
attacher,attacher,VERB,41
bataille,bataille,NOUN,41
bijou,bijou,NOUN,41
construire,construire,VERB,41
conte,conte,NOUN,41
creuser,creuser,VERB,41
domaine,domaine,NOUN,41
défendre,défendre,VERB,41
faiblesse,faiblesse,NOUN,41
filet,filet,NOUN,41
frisson,frisson,NOUN,41
garçon,garçon,NOUN,41
hasard,hasard,NOUN,41
hurler,hurler,VERB,41
installer,installer,VERB,41
instinct,instinct,NOUN,41
papier,papier,NOUN,41
patience,patience,NOUN,41
regret,regret,NOUN,41
relier,relier,VERB,41
semaine,semaine,NOUN,41
signifier,signifier,VERB,41
spécial,spécial,ADJ,41
sécurité,sécurité,NOUN,41
terrible,terrible,ADJ,41
trou,trou,NOUN,41
éveiller,éveiller,VERB,41
évoquer,évoquer,VERB,41
Glück,Glück,PROPN,40
attarder,attarder,VERB,40
brume,brume,NOUN,40
brûlant,brûlant,ADJ,40
courant,courant,NOUN,40
croître,croître,VERB,40
curiosité,curiosité,NOUN,40
côte,côte,NOUN,40
doré,doré,ADJ,40
déesse,déesse,NOUN,40
emprunter,emprunter,VERB,40
figure,figure,NOUN,40
grimace,grimace,NOUN,40
honneur,honneur,NOUN,40
intervenir,intervenir,VERB,40
marché,marché,NOUN,40
nocturne,nocturne,ADJ,40
nu,nu,ADJ,40
passion,passion,NOUN,40
recouvrir,recouvrir,VERB,40
tailler,tailler,VERB,40
tenue,tenue,NOUN,40
terminer,terminer,VERB,40
vin,vin,NOUN,40
voyage,voyage,NOUN,40
étonner,étonner,VERB,40
Fer,Fer,PROPN,39
Val,Val,PROPN,39
Vérité,Vérité,PROPN,39
aube,aube,NOUN,39
avertissement,avertissement,NOUN,39
baisser,baisser,VERB,39
compagnie,compagnie,NOUN,39
connaissance,connaissance,NOUN,39
diamant,diamant,NOUN,39
déformer,déformer,VERB,39
dévoiler,dévoiler,VERB,39
expérience,expérience,NOUN,39
fatigue,fatigue,NOUN,39
gauche,gauche,NOUN,39
lutter,lutter,VERB,39
mâchoire,mâchoire,NOUN,39
plante,plante,NOUN,39
queue,queue,NOUN,39
rune,rune,NOUN,39
réagir,réagir,VERB,39
résister,résister,VERB,39
tissu,tissu,NOUN,39
bain,bain,NOUN,38
bougie,bougie,NOUN,38
caractère,caractère,NOUN,38
caresse,caresse,NOUN,38
casser,casser,VERB,38
chaise,chaise,NOUN,38
chapiteau,chapiteau,NOUN,38
clan,clan,NOUN,38
cogner,cogner,VERB,38
condition,condition,NOUN,38
couloir,couloir,NOUN,38
courir,courir,VERB,38
exposer,exposer,VERB,38
falaise,falaise,NOUN,38
hurlement,hurlement,NOUN,38
incruster,incruster,VERB,38
menace,menace,NOUN,38
moquer,moquer,VERB,38
pétale,pétale,NOUN,38
réflexion,réflexion,NOUN,38
réparer,réparer,VERB,38
saigner,saigner,VERB,38
silencieux,silencieux,ADJ,38
tracer,tracer,VERB,38
trahir,trahir,VERB,38
tremper,tremper,VERB,38
Thétys,Thétys,PROPN,37
abri,abri,NOUN,37
concentrer,concentrer,VERB,37
contourner,contourner,VERB,37
coucher,coucher,VERB,37
dresser,dresser,VERB,37
estomac,estomac,NOUN,37
figer,figer,VERB,37
malheur,malheur,NOUN,37
millier,millier,NOUN,37
payer,payer,VERB,37
priver,priver,VERB,37
protection,protection,NOUN,37
prunelle,prunelle,NOUN,37
pâle,pâle,ADJ,37
rassembler,rassembler,VERB,37
recherche,recherche,NOUN,37
responsable,responsable,ADJ,37
règle,règle,NOUN,37
réel,réel,ADJ,37
service,service,NOUN,37
soupir,soupir,NOUN,37
statue,statue,NOUN,37
tapis,tapis,NOUN,37
vider,vider,VERB,37
Hellébore,Hellébore,PROPN,36
Kratos,Kratos,PROPN,36
Solzarien,Solzarien,PROPN,36
attaquer,attaquer,VERB,36
botte,botte,NOUN,36
collier,collier,NOUN,36
conseil,conseil,NOUN,36
crain,crain,ADJ,36
deviner,deviner,VERB,36
déclarer,déclarer,VERB,36
fabriquer,fabriquer,VERB,36
fatiguer,fatiguer,VERB,36
fragile,fragile,ADJ,36
frustration,frustration,NOUN,36
fuir,fuir,VERB,36
griffe,griffe,NOUN,36
mécanique,mécanique,ADJ,36
plateau,plateau,NOUN,36
poudre,poudre,NOUN,36
prière,prière,NOUN,36
réduire,réduire,VERB,36
sale,sale,ADJ,36
solitude,solitude,NOUN,36
verser,verser,VERB,36
Liche,Liche,PROPN,35
astre,astre,NOUN,35
centre,centre,NOUN,35
chevelure,chevelure,NOUN,35
combler,combler,VERB,35
considérer,considérer,VERB,35
couvrir,couvrir,VERB,35
craindre,craindre,VERB,35
dessiner,dessiner,VERB,35
destiner,destiner,VERB,35
discuter,discuter,VERB,35
désirer,désirer,VERB,35
enfuir,enfuir,VERB,35
fête,fête,NOUN,35
humeur,humeur,NOUN,35
humide,humide,ADJ,35
joli,joli,ADJ,35
lance,lance,NOUN,35
malsain,malsain,ADJ,35
menacer,menacer,VERB,35
mêler,mêler,VERB,35
pardon,pardon,NOUN,35
plaindre,plaindre,VERB,35
position,position,NOUN,35
renfermer,renfermer,VERB,35
rond,rond,ADJ,35
sac,sac,NOUN,35
sauvage,sauvage,ADJ,35
souiller,souiller,VERB,35
sucre,sucre,NOUN,35
surveiller,surveiller,VERB,35
tension,tension,NOUN,35
tourbillon,tourbillon,NOUN,35
trésor,trésor,NOUN,35
Démétra,Démétra,PROPN,34
agiter,agiter,VERB,34
aiguille,aiguille,NOUN,34
annoncer,annoncer,VERB,34
armée,armée,NOUN,34
art,art,NOUN,34
compassion,compassion,NOUN,34
constellation,constellation,NOUN,34
couteau,couteau,NOUN,34
discussion,discussion,NOUN,34
emparer,emparer,VERB,34
fixer,fixer,VERB,34
foi,foi,NOUN,34
incliner,incliner,VERB,34
juger,juger,VERB,34
monsieur,monsieur,NOUN,34
mélange,mélange,NOUN,34
mélanger,mélanger,VERB,34
nuance,nuance,NOUN,34
paille,paille,NOUN,34
poumon,poumon,NOUN,34
rapprocher,rapprocher,VERB,34
rayon,rayon,NOUN,34
sacrifier,sacrifier,VERB,34
situation,situation,NOUN,34
soie,soie,NOUN,34
solution,solution,NOUN,34
sonner,sonner,VERB,34
toiser,toiser,VERB,34
tourment,tourment,NOUN,34
traité,traité,PROPN,34
voleuse,voleuse,NOUN,34
élan,élan,NOUN,34
étincelle,étincelle,NOUN,34
Amok,Amok,PROPN,33
Reine,Reine,PROPN,33
balance,balance,NOUN,33
bande,bande,NOUN,33
coupe,coupe,NOUN,33
douter,douter,VERB,33
droite,droite,NOUN,33
défaire,défaire,VERB,33
défaut,défaut,NOUN,33
délicat,délicat,ADJ,33
faillir,faillir,VERB,33
hocher,hocher,VERB,33
mortel,mortel,ADJ,33
naissance,naissance,NOUN,33
nécessaire,nécessaire,ADJ,33
orage,orage,NOUN,33
ordonner,ordonner,VERB,33
pinceau,pinceau,NOUN,33
plupart,plupart,NOUN,33
prouver,prouver,VERB,33
pénétrer,pénétrer,VERB,33
remercier,remercier,VERB,33
renoncer,renoncer,VERB,33
repérer,repérer,VERB,33
rêver,rêver,VERB,33
siècle,siècle,NOUN,33
tapoter,tapoter,VERB,33
tempe,tempe,NOUN,33
timide,timide,ADJ,33
visite,visite,NOUN,33
éclairer,éclairer,VERB,33
épargner,épargner,VERB,33
éprouver,éprouver,VERB,33
Cité,Cité,PROPN,32
Cristal,Cristal,PROPN,32
Narcisse,Narcisse,PROPN,32
Okéane,Okéane,PROPN,32
Passeur,Passeur,NOUN,32
arche,arche,NOUN,32
aventure,aventure,NOUN,32
bal,bal,NOUN,32
bassin,bassin,NOUN,32
carnet,carnet,NOUN,32
convaincre,convaincre,VERB,32
craquement,craquement,NOUN,32
discret,discret,ADJ,32
douce,douce,ADJ,32
empoisonner,empoisonner,VERB,32
enlacer,enlacer,VERB,32
fidèle,fidèle,ADJ,32
fluide,fluide,ADJ,32
hanter,hanter,VERB,32
impatience,impatience,NOUN,32
impressionnant,impressionnant,ADJ,32
intime,intime,ADJ,32
joues,joues,NOUN,32
lettre,lettre,NOUN,32
liste,liste,NOUN,32
mensonge,mensonge,NOUN,32
nuée,nuée,NOUN,32
pleur,pleur,NOUN,32
porteur,porteur,NOUN,32
pouce,pouce,NOUN,32
ranger,ranger,VERB,32
rangée,rangée,NOUN,32
renvoyer,renvoyer,VERB,32
respect,respect,NOUN,32
risquer,risquer,VERB,32
soigner,soigner,VERB,32
suffisant,suffisant,ADJ,32
tombe,tombe,NOUN,32
train,train,NOUN,32
vendre,vendre,VERB,32
voleurs,voleurs,NOUN,32
Lyseron,Lyseron,PROPN,31
abattre,abattre,VERB,31
accomplir,accomplir,VERB,31
argenter,argenter,VERB,31
boucle,boucle,NOUN,31
bref,bref,ADJ,31
chute,chute,NOUN,31
confondre,confondre,VERB,31
contrôle,contrôle,NOUN,31
craquer,craquer,VERB,31
emprisonner,emprisonner,VERB,31
entrailles,entrailles,NOUN,31
essuyer,essuyer,VERB,31
flot,flot,NOUN,31
fouiller,fouiller,VERB,31
guider,guider,VERB,31
heurter,heurter,VERB,31
inscrire,inscrire,VERB,31
instrument,instrument,NOUN,31
intimité,intimité,NOUN,31
jardin,jardin,NOUN,31
jugement,jugement,NOUN,31
laisse,laisse,NOUN,31
langage,langage,NOUN,31
maîtriser,maîtriser,VERB,31
merveille,merveille,NOUN,31
montagne,montagne,NOUN,31
mètre,mètre,NOUN,31
mépris,mépris,NOUN,31
note,note,NOUN,31
nourriture,nourriture,NOUN,31
nouvelle,nouvelle,NOUN,31
océan,océan,NOUN,31
panique,panique,NOUN,31
patte,patte,NOUN,31
précis,précis,ADJ,31
refléter,refléter,VERB,31
resserrer,resserrer,VERB,31
royal,royal,ADJ,31
rumeur,rumeur,NOUN,31
réaction,réaction,NOUN,31
réserver,réserver,VERB,31
sommet,sommet,NOUN,31
soumettre,soumettre,VERB,31
sourendre,sourendre,VERB,31
spectre,spectre,NOUN,31
stupide,stupide,ADJ,31
tarder,tarder,VERB,31
veiller,veiller,VERB,31
vitesse,vitesse,NOUN,31
épine,épine,NOUN,31
Asha,Asha,PROPN,30
Lilith,Lilith,PROPN,30
adresser,adresser,VERB,30
aigu,aigu,ADJ,30
amant,amant,NOUN,30
apaiser,apaiser,VERB,30
approche,approche,NOUN,30
aspirer,aspirer,VERB,30
camp,camp,NOUN,30
capturer,capturer,VERB,30
collection,collection,NOUN,30
différence,différence,NOUN,30
désigner,désigner,VERB,30
escalier,escalier,NOUN,30
excitation,excitation,NOUN,30
forger,forger,VERB,30
gueule,gueule,NOUN,30
illuminer,illuminer,VERB,30
imiter,imiter,VERB,30
interroger,interroger,VERB,30
inverse,inverse,NOUN,30
manche,manche,NOUN,30
marbre,marbre,NOUN,30
matière,matière,NOUN,30
merveilleux,merveilleux,ADJ,30
miel,miel,NOUN,30
musique,musique,NOUN,30
noyer,noyer,VERB,30
perd,perd,ADJ,30
portrait,portrait,NOUN,30
registre,registre,NOUN,30
résonner,résonner,VERB,30
tourmenter,tourmenter,VERB,30
Fantasmoir,Fantasmoir,PROPN,29
Iphas,Iphas,PROPN,29
Miasmes,Miasmes,PROPN,29
affaisser,affaisser,VERB,29
armure,armure,NOUN,29
assiette,assiette,NOUN,29
calmer,calmer,VERB,29
chevet,chevet,NOUN,29
déborder,déborder,VERB,29
démon,démon,NOUN,29
enchaîner,enchaîner,VERB,29
exemple,exemple,NOUN,29
familier,familier,ADJ,29
fouet,fouet,NOUN,29
guérir,guérir,VERB,29
gâteau,gâteau,NOUN,29
interdire,interdire,VERB,29
lunette,lunette,NOUN,29
lâche,lâche,NOUN,29
ouvrage,ouvrage,NOUN,29
perle,perle,NOUN,29
poil,poil,NOUN,29
proximité,proximité,NOUN,29
préoccuper,préoccuper,VERB,29
pupille,pupille,NOUN,29
relation,relation,NOUN,29
repos,repos,NOUN,29
râle,râle,NOUN,29
réunir,réunir,VERB,29
soucier,soucier,VERB,29
tisser,tisser,VERB,29
titre,titre,NOUN,29
Évanescent,Évanescent,PROPN,29
échanger,échanger,VERB,29
élargir,élargir,VERB,29
éternité,éternité,NOUN,29
étreinte,étreinte,NOUN,29
Désert,Désert,PROPN,28
Grabarouge,Grabarouge,PROPN,28
Hum,Hum,PROPN,28
Maître,Maître,PROPN,28
Oyana,Oyana,PROPN,28
Sablier,Sablier,PROPN,28
admirer,admirer,VERB,28
an,an,NOUN,28
bec,bec,NOUN,28
chaumière,chaumière,NOUN,28
cil,cil,NOUN,28
coffre,coffre,NOUN,28
demande,demande,NOUN,28
durer,durer,VERB,28
effleurer,effleurer,VERB,28
endormir,endormir,VERB,28
fragment,fragment,NOUN,28
futur,futur,ADJ,28
gâcher,gâcher,VERB,28
humanité,humanité,NOUN,28
inquiétude,inquiétude,NOUN,28
insinuer,insinuer,VERB,28
insister,insister,VERB,28
interrompre,interrompre,VERB,28
intéressant,intéressant,ADJ,28
inventer,inventer,VERB,28
maladie,maladie,NOUN,28
mariage,mariage,NOUN,28
message,message,NOUN,28
mélodie,mélodie,NOUN,28
narine,narine,NOUN,28
néant,néant,NOUN,28
patienter,patienter,VERB,28
posture,posture,NOUN,28
préféré,préféré,ADJ,28
repartir,repartir,VERB,28
repas,repas,NOUN,28
ridicule,ridicule,ADJ,28
tordu,tordu,ADJ,28
tort,tort,VERB,28
transpercer,transpercer,VERB,28
tâche,tâche,NOUN,28
version,version,NOUN,28
voyager,voyager,VERB,28
vulnérable,vulnérable,ADJ,28
échec,échec,NOUN,28
élément,élément,NOUN,28
énorme,énorme,ADJ,28
étirer,étirer,VERB,28
Clotho,Clotho,PROPN,27
Ha'zul,Ha'zul,PROPN,27
Lachab,Lachab,PROPN,27
Passeuses,Passeuses,PROPN,27
Tidus,Tidus,PROPN,27
Tutrice,Tutrice,PROPN,27
accès,accès,NOUN,27
adversaire,adversaire,NOUN,27
agenouiller,agenouiller,VERB,27
allure,allure,NOUN,27
angle,angle,NOUN,27
argenté,argenté,ADJ,27
arrêt,arrêt,NOUN,27
artisan,artisan,PROPN,27
balayer,balayer,VERB,27
centimètre,centimètre,NOUN,27
chanter,chanter,VERB,27
cheville,cheville,NOUN,27
chouette,chouette,NOUN,27
cicateur,cicateur,NOUN,27
claquer,claquer,VERB,27
commettre,commettre,VERB,27
contours,contours,NOUN,27
couvert,couvert,NOUN,27
cérémonie,cérémonie,PROPN,27
danse,danse,NOUN,27
domestique,domestique,NOUN,27
décrire,décrire,VERB,27
dépendre,dépendre,VERB,27
déranger,déranger,VERB,27
envahir,envahir,VERB,27
guerrier,guerrier,NOUN,27
indiquer,indiquer,VERB,27
intense,intense,ADJ,27
jaune,jaune,ADJ,27
mesurer,mesurer,VERB,27
mousse,mousse,NOUN,27
nausée,nausée,NOUN,27
origine,origine,NOUN,27
ouverture,ouverture,NOUN,27
piste,piste,NOUN,27
presser,presser,VERB,27
promet,promet,NOUN,27
précipiter,précipiter,VERB,27
remarque,remarque,NOUN,27
rompre,rompre,VERB,27
réaliser,réaliser,VERB,27
sage,sage,ADJ,27
serrure,serrure,NOUN,27
signer,signer,VERB,27
soulagement,soulagement,NOUN,27
soutenir,soutenir,VERB,27
transmettre,transmettre,VERB,27
échelle,échelle,NOUN,27
écho,écho,NOUN,27
épouser,épouser,VERB,27
Grabarouges,Grabarouges,PROPN,26
Helléborin,Helléborin,PROPN,26
Nuna,Nuna,PROPN,26
alourdir,alourdir,VERB,26
apercevoir,apercevoir,VERB,26
averse,averse,NOUN,26
bracelet,bracelet,NOUN,26
charrette,charrette,NOUN,26
compliquer,compliquer,VERB,26
corne,corne,NOUN,26
courbe,courbe,NOUN,26
crépuscule,crépuscule,NOUN,26
décor,décor,NOUN,26
emmener,emmener,VERB,26
fardeau,fardeau,NOUN,26
flaque,flaque,NOUN,26
haleine,haleine,NOUN,26
hommage,hommage,NOUN,26
hôte,hôte,NOUN,26
incendie,incendie,NOUN,26
infliger,infliger,VERB,26
inspiration,inspiration,NOUN,26
inspirer,inspirer,VERB,26
journée,journée,NOUN,26
malaise,malaise,NOUN,26
maman,maman,NOUN,26
montre,montre,NOUN,26
mécanisme,mécanisme,NOUN,26
métallique,métallique,ADJ,26
nerf,nerf,NOUN,26
onde,onde,NOUN,26
palais,palais,NOUN,26
piège,piège,NOUN,26
poignard,poignard,NOUN,26
poursuivre,poursuivre,VERB,26
prévoir,prévoir,VERB,26
rapporter,rapporter,VERB,26
rater,rater,VERB,26
reconnaissance,reconnaissance,NOUN,26
regarde,regarde,PROPN,26
relief,relief,NOUN,26
repère,repère,NOUN,26
rituel,rituel,NOUN,26
rougir,rougir,VERB,26
récolter,récolter,VERB,26
sablier,sablier,NOUN,26
serré,serré,ADJ,26
soulager,soulager,VERB,26
tapisserie,tapisserie,NOUN,26
temple,temple,NOUN,26
travailler,travailler,VERB,26
écaille,écaille,NOUN,26
échouer,échouer,VERB,26
émotionnel,émotionnel,ADJ,26
épuiser,épuiser,VERB,26
Noir,Noir,PROPN,25
abreuver,abreuver,VERB,25
approuver,approuver,VERB,25
apprêter,apprêter,VERB,25
aveugle,aveugle,ADJ,25
barbe,barbe,NOUN,25
barrière,barrière,NOUN,25
bleuter,bleuter,ADJ,25
brutal,brutal,ADJ,25
champignon,champignon,NOUN,25
client,client,NOUN,25
contenu,contenu,NOUN,25
conviction,conviction,NOUN,25
course,course,NOUN,25
diriger,diriger,VERB,25
dorer,dorer,VERB,25
déchire,déchire,VERB,25
empreinte,empreinte,NOUN,25
emprise,emprise,NOUN,25
essentiel,essentiel,NOUN,25
exception,exception,NOUN,25
explosion,explosion,NOUN,25
extérieur,extérieur,NOUN,25
flanc,flanc,NOUN,25
frôler,frôler,VERB,25
graver,graver,VERB,25
huile,huile,NOUN,25
importance,importance,NOUN,25
incroyable,incroyable,ADJ,25
innocent,innocent,ADJ,25
invité,invité,NOUN,25
leçon,leçon,NOUN,25
lisse,lisse,ADJ,25
loi,loi,NOUN,25
loyauté,loyauté,NOUN,25
mouiller,mouiller,VERB,25
nommer,nommer,VERB,25
parle,parle,ADJ,25
plaisant,plaisant,VERB,25
potion,potion,NOUN,25
princesse,princesse,NOUN,25
prétendre,prétendre,VERB,25
qualité,qualité,NOUN,25
recul,recul,NOUN,25
régner,régner,VERB,25
saut,saut,NOUN,25
sauveur,sauveur,NOUN,25
siège,siège,NOUN,25
tablier,tablier,NOUN,25
tente,tente,NOUN,25
toit,toit,NOUN,25
velours,velours,NOUN,25
violent,violent,ADJ,25
vol,vol,NOUN,25
élégant,élégant,ADJ,25
Corndor,Corndor,PROPN,24
Immergé,Immergé,ADJ,24
Mnémé,Mnémé,PROPN,24
amas,amas,NOUN,24
amie,amie,NOUN,24
araignée,araignée,NOUN,24
basculer,basculer,VERB,24
braise,braise,NOUN,24
charmant,charmant,ADJ,24
constater,constater,VERB,24
crever,crever,VERB,24
céleste,céleste,ADJ,24
dégouliner,dégouliner,VERB,24
délaisser,délaisser,VERB,24
délicieux,délicieux,ADJ,24
effondrer,effondrer,VERB,24
enterrer,enterrer,VERB,24
exact,exact,ADJ,24
exclamation,exclamation,NOUN,24
genoux,genoux,NOUN,24
guise,guise,NOUN,24
guérison,guérison,NOUN,24
imprègner,imprègner,VERB,24
infini,infini,ADJ,24
légende,légende,NOUN,24
miette,miette,NOUN,24
mise,mise,NOUN,24
mouvant,mouvant,ADJ,24
noyau,noyau,NOUN,24
pantalon,pantalon,NOUN,24
pique,pique,VERB,24
piquer,piquer,VERB,24
rang,rang,NOUN,24
rein,rein,NOUN,24
rhum,rhum,NOUN,24
réflexe,réflexe,NOUN,24
réfugié,réfugié,NOUN,24
résistance,résistance,NOUN,24
réussite,réussite,NOUN,24
salive,salive,NOUN,24
soif,soif,NOUN,24
surnom,surnom,NOUN,24
talent,talent,NOUN,24
vibre,vibre,ADJ,24
victime,victime,NOUN,24
épreuve,épreuve,NOUN,24
étendre,étendre,VERB,24
Quartier,Quartier,PROPN,23
abaisser,abaisser,VERB,23
accéder,accéder,VERB,23
adolescent,adolescent,NOUN,23
autoriser,autoriser,VERB,23
conseiller,conseiller,VERB,23
contrat,contrat,NOUN,23
dette,dette,NOUN,23
dizaine,dizaine,NOUN,23
déclencher,déclencher,VERB,23
entité,entité,NOUN,23
essouffler,essouffler,VERB,23
faille,faille,NOUN,23
faim,faim,NOUN,23
froisser,froisser,VERB,23
fusionner,fusionner,VERB,23
gardiens,gardiens,PROPN,23
gloire,gloire,NOUN,23
grotte,grotte,NOUN,23
hésitation,hésitation,NOUN,23
intensité,intensité,NOUN,23
intuition,intuition,NOUN,23
jumeau,jumeau,NOUN,23
madame,madame,NOUN,23
malmener,malmener,VERB,23
malédiction,malédiction,NOUN,23
manipuler,manipuler,VERB,23
masse,masse,NOUN,23
multitude,multitude,NOUN,23
nostalgie,nostalgie,NOUN,23
participer,participer,VERB,23
personnage,personnage,NOUN,23
pirate,pirate,NOUN,23
poignée,poignée,NOUN,23
poupée,poupée,NOUN,23
prie,prie,VERB,23
principal,principal,ADJ,23
privé,privé,ADJ,23
produire,produire,VERB,23
ramasser,ramasser,VERB,23
refermentir,refermentir,VERB,23
reproduire,reproduire,VERB,23
roche,roche,NOUN,23
rouage,rouage,NOUN,23
ruban,ruban,NOUN,23
saluer,saluer,VERB,23
saur,saur,VERB,23
sceller,sceller,VERB,23
soigneur,soigneur,NOUN,23
sourd,sourd,ADJ,23
spectateur,spectateur,NOUN,23
supplier,supplier,VERB,23
tapisser,tapisser,VERB,23
tendu,tendu,ADJ,23
tombeau,tombeau,NOUN,23
transparent,transparent,ADJ,23
tunnel,tunnel,NOUN,23
urgence,urgence,NOUN,23
utile,utile,ADJ,23
vaste,vaste,ADJ,23
vouer,vouer,VERB,23
égoïste,égoïste,ADJ,23
étaler,étaler,VERB,23
Miroitière,Miroitière,PROPN,22
abîmer,abîmer,VERB,22
acquiescer,acquiescer,VERB,22
affection,affection,NOUN,22
blond,blond,ADJ,22
bouton,bouton,NOUN,22
ceinture,ceinture,NOUN,22
chant,chant,NOUN,22
chuchoter,chuchoter,VERB,22
claque,claque,NOUN,22
compléter,compléter,VERB,22
concerner,concerner,VERB,22
condamner,condamner,VERB,22
création,création,NOUN,22
cuivre,cuivre,NOUN,22
dir,dir,VERB,22
déception,déception,NOUN,22
défiler,défiler,VERB,22
délivrer,délivrer,VERB,22
désagréger,désagréger,VERB,22
détermination,détermination,NOUN,22
déterminer,déterminer,VERB,22
dévisager,dévisager,VERB,22
enchère,enchère,NOUN,22
explication,explication,NOUN,22
ferme,ferme,ADJ,22
flocon,flocon,NOUN,22
fracas,fracas,NOUN,22
fracasser,fracasser,VERB,22
fuite,fuite,NOUN,22
gravité,gravité,NOUN,22
grimper,grimper,VERB,22
habiller,habiller,VERB,22
horloge,horloge,NOUN,22
imposant,imposant,ADJ,22
interminable,interminable,ADJ,22
librairie,librairie,NOUN,22
minuscule,minuscule,ADJ,22
mystère,mystère,NOUN,22
méfier,méfier,VERB,22
obsidien,obsidien,NOUN,22
paire,paire,NOUN,22
parcourir,parcourir,VERB,22
pardonner,pardonner,VERB,22
patient,patient,ADJ,22
persuader,persuader,VERB,22
phase,phase,NOUN,22
poison,poison,NOUN,22
poisson,poisson,NOUN,22
prudence,prudence,NOUN,22
préserver,préserver,VERB,22
punir,punir,VERB,22
pâtissière,pâtissière,NOUN,22
recoin,recoin,NOUN,22
redescendre,redescendre,VERB,22
ressusciter,ressusciter,VERB,22
réserve,réserve,NOUN,22
sacoche,sacoche,NOUN,22
serviteur,serviteur,NOUN,22
soirée,soirée,NOUN,22
soupirer,soupirer,VERB,22
tord,tord,NOUN,22
traumatisme,traumatisme,NOUN,22
tremble,tremble,ADJ,22
triangle,triangle,NOUN,22
truc,truc,NOUN,22
témoin,témoin,NOUN,22
vain,vain,ADJ,22
venaître,venaître,VERB,22
visible,visible,ADJ,22
écarlat,écarlat,ADJ,22
éclabousser,éclabousser,VERB,22
étranger,étranger,ADJ,22
Dhurgals,Dhurgals,PROPN,21
Edel,Edel,PROPN,21
Pixies,Pixies,PROPN,21
Triquetra,Triquetra,PROPN,21
admire,admire,VERB,21
amertume,amertume,NOUN,21
apprivoiser,apprivoiser,VERB,21
assir,assir,VERB,21
baigner,baigner,VERB,21
bizarre,bizarre,ADJ,21
bouteille,bouteille,NOUN,21
cellule,cellule,NOUN,21
chaleureux,chaleureux,ADJ,21
circonstance,circonstance,NOUN,21
convenir,convenir,VERB,21
coupable,coupable,ADJ,21
crise,crise,NOUN,21
crochet,crochet,NOUN,21
curieux,curieux,ADJ,21
cycle,cycle,NOUN,21
dissimuler,dissimuler,VERB,21
distinguer,distinguer,VERB,21
décevoir,décevoir,VERB,21
délicatesse,délicatesse,NOUN,21
détailler,détailler,VERB,21
effrayer,effrayer,VERB,21
enfance,enfance,NOUN,21
environnement,environnement,NOUN,21
estomper,estomper,VERB,21
focaliser,focaliser,VERB,21
gratter,gratter,VERB,21
indifférent,indifférent,ADJ,21
inférieur,inférieur,ADJ,21
insupportable,insupportable,ADJ,21
investir,investir,VERB,21
joyeux,joyeux,ADJ,21
lambeau,lambeau,NOUN,21
lanterne,lanterne,NOUN,21
mordre,mordre,VERB,21
moue,moue,NOUN,21
mystérieux,mystérieux,ADJ,21
nager,nager,VERB,21
noble,noble,ADJ,21
nouer,nouer,VERB,21
obsession,obsession,NOUN,21
oranger,oranger,NOUN,21
oubli,oubli,NOUN,21
pause,pause,NOUN,21
peser,peser,VERB,21
porcelaine,porcelaine,NOUN,21
profondeur,profondeur,NOUN,21
propos,propos,NOUN,21
préciser,préciser,VERB,21
redevenir,redevenir,VERB,21
rentrer,rentrer,VERB,21
replier,replier,VERB,21
rican,rican,VERB,21
réchauffer,réchauffer,VERB,21
révélation,révélation,NOUN,21
saisis,saisis,VERB,21
saveur,saveur,NOUN,21
sel,sel,NOUN,21
sensible,sensible,ADJ,21
serre,serre,NOUN,21
seuil,seuil,NOUN,21
souterrain,souterrain,ADJ,21
terreur,terreur,NOUN,21
tranquille,tranquille,ADJ,21
transporter,transporter,VERB,21
tremblant,tremblant,ADJ,21
trouble,trouble,ADJ,21
type,type,NOUN,21
unisson,unisson,NOUN,21
verdâtre,verdâtre,ADJ,21
écrouler,écrouler,VERB,21
étagère,étagère,NOUN,21
évident,évident,ADJ,21
Bakk'ral,Bakk'ral,PROPN,20
Chéron,Chéron,PROPN,20
Esther,Esther,PROPN,20
Passeurs,Passeurs,NOUN,20
alcool,alcool,NOUN,20
allumer,allumer,VERB,20
ambition,ambition,NOUN,20
appétit,appétit,NOUN,20
artiste,artiste,NOUN,20
avant-bras,avant-bras,NOUN,20
bien-être,bien-être,NOUN,20
brasier,brasier,NOUN,20
broder,broder,VERB,20
brouillard,brouillard,NOUN,20
brouiller,brouiller,VERB,20
cache-œil,cache-œil,NOUN,20
causer,causer,VERB,20
cirque,cirque,NOUN,20
col,col,NOUN,20
complexe,complexe,ADJ,20
complice,complice,NOUN,20
comportement,comportement,NOUN,20
conclure,conclure,VERB,20
content,content,VERB,20
contredire,contredire,VERB,20
corrompre,corrompre,VERB,20
couver,couver,VERB,20
croc,croc,NOUN,20
croyer,croyer,VERB,20
dame,dame,NOUN,20
dessin,dessin,NOUN,20
dignité,dignité,NOUN,20
discours,discours,NOUN,20
divin,divin,ADJ,20
dégoût,dégoût,NOUN,20
dérouler,dérouler,VERB,20
désagréable,désagréable,ADJ,20
détenir,détenir,VERB,20
enveloppe,enveloppe,NOUN,20
exiger,exiger,VERB,20
extraordinaire,extraordinaire,ADJ,20
faveur,faveur,NOUN,20
fontaine,fontaine,NOUN,20
fourrure,fourrure,NOUN,20
gré,gré,NOUN,20
horizon,horizon,NOUN,20
humains,humains,NOUN,20
impressionner,impressionner,VERB,20
intrusion,intrusion,NOUN,20
intégrer,intégrer,VERB,20
invoquer,invoquer,VERB,20
lac,lac,NOUN,20
lave,lave,NOUN,20
malheureux,malheureux,ADJ,20
miroirs,miroirs,NOUN,20
naïf,naïf,ADJ,20
objectif,objectif,NOUN,20
pender,pender,VERB,20
perpétuel,perpétuel,ADJ,20
personnel,personnel,ADJ,20
piéger,piéger,VERB,20
plier,plier,VERB,20
proie,proie,NOUN,20
période,période,NOUN,20
ravir,ravir,VERB,20
recommencer,recommencer,VERB,20
respecter,respecter,VERB,20
riche,riche,ADJ,20
sortie,sortie,NOUN,20
soupire,soupire,VERB,20
souverain,souverain,NOUN,20
spécimen,spécimen,NOUN,20
survie,survie,NOUN,20
sève,sève,NOUN,20
teinte,teinte,NOUN,20
teinter,teinter,VERB,20
tympan,tympan,NOUN,20
user,user,VERB,20
vulnérabilité,vulnérabilité,NOUN,20
étage,étage,NOUN,20
évoluer,évoluer,VERB,20
ôter,ôter,VERB,20
Compression,Compression,NOUN,19
Insoumises,Insoumises,PROPN,19
Liches,Liches,PROPN,19
Priam,Priam,PROPN,19
Rose,Rose,PROPN,19
Sam,Sam,PROPN,19
abandon,abandon,NOUN,19
adapter,adapter,VERB,19
ambre,ambre,NOUN,19
animer,animer,VERB,19
anticiper,anticiper,VERB,19
arranger,arranger,VERB,19
assaut,assaut,NOUN,19
astrion,astrion,NOUN,19
attentif,attentif,ADJ,19
audace,audace,NOUN,19
bague,bague,NOUN,19
banque,banque,NOUN,19
barreau,barreau,NOUN,19
bascule,bascule,ADJ,19
bocal,bocal,NOUN,19
bonté,bonté,NOUN,19
charme,charme,NOUN,19
cheminée,cheminée,NOUN,19
clarté,clarté,NOUN,19
coma,coma,NOUN,19
concevoir,concevoir,VERB,19
courber,courber,VERB,19
coûter,coûter,VERB,19
cuisine,cuisine,NOUN,19
doué,doué,ADJ,19
dureté,dureté,NOUN,19
enrober,enrober,VERB,19
esclave,esclave,NOUN,19
extasier,extasier,VERB,19
face-à-face,face-à-face,NOUN,19
fortune,fortune,NOUN,19
foudre,foudre,NOUN,19
frotter,frotter,VERB,19
fureur,fureur,NOUN,19
habituer,habituer,VERB,19
imagination,imagination,NOUN,19
inhabituel,inhabituel,ADJ,19
journal,journal,NOUN,19
marmonner,marmonner,VERB,19
maîtresse,maîtresse,NOUN,19
méthel,méthel,ADJ,19
nerveux,nerveux,ADJ,19
nettoyer,nettoyer,VERB,19
omoplate,omoplate,NOUN,19
orbite,orbite,NOUN,19
pair,pair,NOUN,19
piétiner,piétiner,VERB,19
plisser,plisser,VERB,19
poussiéreux,poussiéreux,ADJ,19
ralentir,ralentir,VERB,19
redonner,redonner,VERB,19
redoutable,redoutable,ADJ,19
roue,roue,NOUN,19
rubis,rubis,NOUN,19
réconfortant,réconfortant,ADJ,19
régulier,régulier,ADJ,19
sanglant,sanglant,ADJ,19
secours,secours,NOUN,19
splendeur,splendeur,NOUN,19
succession,succession,NOUN,19
supposer,supposer,VERB,19
tabouret,tabouret,NOUN,19
thoracique,thoracique,ADJ,19
torture,torture,NOUN,19
torturer,torturer,VERB,19
touche,touche,NOUN,19
unir,unir,VERB,19
vengeance,vengeance,NOUN,19
violon,violon,NOUN,19
voyer,voyer,VERB,19
vérifier,vérifier,VERB,19
écurie,écurie,NOUN,19
Animus,Animus,PROPN,18
Jownah,Jownah,PROPN,18
Solzariens,Solzariens,PROPN,18
Tamaris,Tamaris,PROPN,18
abuser,abuser,VERB,18
acharner,acharner,VERB,18
approprier,approprier,VERB,18
ardent,ardent,ADJ,18
assis,assis,VERB,18
bibliothèque,bibliothèque,NOUN,18
blessé,blessé,NOUN,18
brisé,brisé,ADJ,18
brûlure,brûlure,NOUN,18
bâton,bâton,NOUN,18
bénir,bénir,VERB,18
caillou,caillou,NOUN,18
camarade,camarade,NOUN,18
canaliser,canaliser,VERB,18
carnage,carnage,NOUN,18
censé,censé,ADJ,18
certitude,certitude,NOUN,18
cheval,cheval,NOUN,18
colorer,colorer,VERB,18
conduire,conduire,VERB,18
confronter,confronter,VERB,18
consentir,consentir,VERB,18
consumer,consumer,VERB,18
crisper,crisper,VERB,18
cruauté,cruauté,NOUN,18
dominer,dominer,VERB,18
défaite,défaite,NOUN,18
défunt,défunt,ADJ,18
dérober,dérober,VERB,18
dîner,dîner,NOUN,18
ego,ego,NOUN,18
enthousiasme,enthousiasme,NOUN,18
envelopper,envelopper,VERB,18
fesse,fesse,NOUN,18
filant,filant,ADJ,18
final,final,ADJ,18
fissurer,fissurer,VERB,18
fièvre,fièvre,NOUN,18
franchise,franchise,NOUN,18
froter,froter,VERB,18
glacer,glacer,VERB,18
grille,grille,NOUN,18
grince,grince,NOUN,18
grossir,grossir,VERB,18
guerrière,guerrière,NOUN,18
généreux,généreux,ADJ,18
immobiliser,immobiliser,VERB,18
intelligent,intelligent,ADJ,18
intercepter,intercepter,VERB,18
interdit,interdit,ADJ,18
invitation,invitation,NOUN,18
jaillir,jaillir,VERB,18
loup,loup,NOUN,18
manteau,manteau,NOUN,18
massacre,massacre,NOUN,18
meur,meur,NOUN,18
morbide,morbide,ADJ,18
moustache,moustache,NOUN,18
nier,nier,VERB,18
noirceur,noirceur,NOUN,18
normal,normal,ADJ,18
obscur,obscur,ADJ,18
pense,pense,NOUN,18
percher,percher,VERB,18
pince,pince,NOUN,18
piratesse,piratesse,NOUN,18
précaution,précaution,NOUN,18
pudeur,pudeur,NOUN,18
puits,puits,NOUN,18
pâtisserie,pâtisserie,NOUN,18
rassurant,rassurant,ADJ,18
remord,remord,NOUN,18
remouvoir,remouvoir,VERB,18
renaître,renaître,VERB,18
résumer,résumer,VERB,18
salir,salir,VERB,18
signal,signal,NOUN,18
souvien,souvien,VERB,18
sphère,sphère,NOUN,18
terrifiant,terrifiant,ADJ,18
tranchant,tranchant,ADJ,18
traîner,traîner,VERB,18
traître,traître,NOUN,18
vertige,vertige,NOUN,18
veste,veste,NOUN,18
viande,viande,NOUN,18
vomir,vomir,VERB,18
zone,zone,NOUN,18
âtre,âtre,NOUN,18
écoute,écoute,NOUN,18
éparpiller,éparpiller,VERB,18
étier,étier,VERB,18
événement,événement,NOUN,18
Crimson,Crimson,PROPN,17
Ezra,Ezra,PROPN,17
Icha'na,Icha'na,PROPN,17
Lesath,Lesath,PROPN,17
Lune,Lune,PROPN,17
Shirel,Shirel,PROPN,17
absolu,absolu,ADJ,17
acheter,acheter,VERB,17
acier,acier,NOUN,17
adulte,adulte,NOUN,17
agonie,agonie,NOUN,17
anormal,anormal,ADJ,17
avertir,avertir,VERB,17
banc,banc,NOUN,17
bateau,bateau,NOUN,17
bousculer,bousculer,VERB,17
béant,béant,ADJ,17
canine,canine,NOUN,17
chat,chat,NOUN,17
clavicule,clavicule,NOUN,17
clef,clef,PROPN,17
clin,clin,NOUN,17
compenser,compenser,VERB,17
complet,complet,ADJ,17
confirmer,confirmer,VERB,17
confusion,confusion,NOUN,17
contrarier,contrarier,VERB,17
cour,cour,NOUN,17
coussin,coussin,NOUN,17
doigts,doigts,NOUN,17
débattre,débattre,VERB,17
débris,débris,NOUN,17
défi,défi,NOUN,17
démonstration,démonstration,NOUN,17
détendre,détendre,VERB,17
embarrasser,embarrasser,VERB,17
encourager,encourager,VERB,17
enfiler,enfiler,VERB,17
engloutir,engloutir,VERB,17
ensanglanter,ensanglanter,VERB,17
extrémité,extrémité,NOUN,17
exécuter,exécuter,VERB,17
facilité,facilité,NOUN,17
fléau,fléau,NOUN,17
fonder,fonder,VERB,17
furieux,furieux,ADJ,17
gigantesque,gigantesque,ADJ,17
grandeur,grandeur,NOUN,17
grâce,grâce,NOUN,17
habiter,habiter,VERB,17
habitué,habitué,VERB,17
imaginaire,imaginaire,ADJ,17
improbable,improbable,ADJ,17
justifier,justifier,VERB,17
longueur,longueur,NOUN,17
légèreté,légèreté,NOUN,17
majestueux,majestueux,ADJ,17
marier,marier,VERB,17
meurtrier,meurtrier,ADJ,17
moque,moque,VERB,17
musée,musée,NOUN,17
mythe,mythe,NOUN,17
méchant,méchant,ADJ,17
méfiance,méfiance,NOUN,17
nid,nid,NOUN,17
organe,organe,NOUN,17
panier,panier,NOUN,17
pareille,pareille,NOUN,17
pendre,pendre,VERB,17
percuter,percuter,VERB,17
permission,permission,NOUN,17
personnalité,personnalité,NOUN,17
physique,physique,ADJ,17
pointu,pointu,ADJ,17
pommette,pommette,NOUN,17
pont,pont,NOUN,17
prise,prise,NOUN,17
privilège,privilège,NOUN,17
procurer,procurer,VERB,17
prodige,prodige,NOUN,17
puiser,puiser,VERB,17
quitte,quitte,VERB,17
ramper,ramper,VERB,17
rancœur,rancœur,NOUN,17
recomposer,recomposer,VERB,17
recracher,recracher,VERB,17
recule,recule,VERB,17
refouler,refouler,VERB,17
reprise,reprise,NOUN,17
reproche,reproche,NOUN,17
représentation,représentation,NOUN,17
ruine,ruine,NOUN,17
rédemption,rédemption,NOUN,17
répugnant,répugnant,ADJ,17
répugner,répugner,VERB,17
sculpter,sculpter,VERB,17
semer,semer,VERB,17
serment,serment,NOUN,17
solitaire,solitaire,ADJ,17
soutien,soutien,NOUN,17
sucré,sucré,ADJ,17
surmonter,surmonter,VERB,17
sécher,sécher,VERB,17
tacher,tacher,VERB,17
taire,taire,VERB,17
thé,thé,NOUN,17
tir,tir,VERB,17
trahison,trahison,NOUN,17
traiter,traiter,VERB,17
translucide,translucide,ADJ,17
vœu,vœu,NOUN,17
Épouvantail,Épouvantail,PROPN,17
écœurant,écœurant,ADJ,17
émettre,émettre,VERB,17
étape,étape,NOUN,17
étincelant,étincelant,ADJ,17
étouffant,étouffant,ADJ,17
évader,évader,VERB,17
évaporer,évaporer,VERB,17
Creek,Creek,PROPN,16
Harrington,Harrington,PROPN,16
Méthel,Méthel,PROPN,16
Nuit,Nuit,PROPN,16
Seirova,Seirova,PROPN,16
Tec,Tec,PROPN,16
Valériane,Valériane,PROPN,16
admiration,admiration,NOUN,16
adopter,adopter,VERB,16
affirmer,affirmer,VERB,16
affoler,affoler,VERB,16
aligner,aligner,VERB,16
ambiance,ambiance,NOUN,16
amener,amener,VERB,16
assurance,assurance,NOUN,16
base,base,NOUN,16
bienveillant,bienveillant,ADJ,16
bond,bond,NOUN,16
bouillonner,bouillonner,VERB,16
brise,brise,NOUN,16
brut,brut,ADJ,16
bébé,bébé,NOUN,16
cassé,cassé,ADJ,16
charbon,charbon,NOUN,16
charge,charge,NOUN,16
chatouiller,chatouiller,VERB,16
chef,chef,NOUN,16
cimetière,cimetière,NOUN,16
cire,cire,NOUN,16
cloche,cloche,NOUN,16
clou,clou,NOUN,16
cocon,cocon,NOUN,16
compliment,compliment,NOUN,16
consacrer,consacrer,VERB,16
correspondre,correspondre,VERB,16
dune,dune,NOUN,16
décharge,décharge,NOUN,16
déchaîner,déchaîner,VERB,16
déchiffrer,déchiffrer,VERB,16
décorer,décorer,VERB,16
défense,défense,NOUN,16
défier,défier,VERB,16
désolé,désolé,PROPN,16
dévier,dévier,VERB,16
dévisage,dévisage,VERB,16
effluve,effluve,NOUN,16
enfouir,enfouir,VERB,16
ennui,ennui,NOUN,16
errer,errer,VERB,16
fauteuil,fauteuil,NOUN,16
fermé,fermé,ADJ,16
fichu,fichu,NOUN,16
flacon,flacon,NOUN,16
fleuve,fleuve,NOUN,16
flûte,flûte,NOUN,16
forge,forge,NOUN,16
gaver,gaver,VERB,16
gentil,gentil,ADJ,16
grognement,grognement,NOUN,16
habituel,habituel,ADJ,16
halo,halo,NOUN,16
hausser,hausser,VERB,16
horde,horde,NOUN,16
hérisser,hérisser,VERB,16
héros,héros,NOUN,16
indifférence,indifférence,NOUN,16
infernal,infernal,ADJ,16
infirmerie,infirmerie,NOUN,16
interpréter,interpréter,VERB,16
jalousie,jalousie,NOUN,16
jungle,jungle,NOUN,16
jurer,jurer,VERB,16
lisière,lisière,NOUN,16
maigre,maigre,ADJ,16
manier,manier,VERB,16
masquer,masquer,VERB,16
mentionner,mentionner,VERB,16
morsure,morsure,NOUN,16
mouchoir,mouchoir,NOUN,16
muet,muet,ADJ,16
négliger,négliger,VERB,16
obstacle,obstacle,NOUN,16
opinion,opinion,NOUN,16
orangé,orangé,ADJ,16
orteil,orteil,NOUN,16
pacte,pacte,NOUN,16
paroi,paroi,NOUN,16
pile,pile,NOUN,16
pomme,pomme,NOUN,16
portée,portée,NOUN,16
possession,possession,NOUN,16
prudent,prudent,ADJ,16
quantité,quantité,NOUN,16
rapide,rapide,ADJ,16
refuge,refuge,NOUN,16
remuer,remuer,VERB,16
renforcer,renforcer,VERB,16
rictus,rictus,NOUN,16
rue,rue,NOUN,16
réintégrer,réintégrer,VERB,16
sadique,sadique,ADJ,16
sal,sal,ADJ,16
scintiller,scintiller,VERB,16
sous-sol,sous-sol,NOUN,16
spirale,spirale,NOUN,16
sublime,sublime,ADJ,16
suffir,suffir,VERB,16
surprenant,surprenant,ADJ,16
talon,talon,NOUN,16
taper,taper,VERB,16
tordre,tordre,VERB,16
trancher,trancher,VERB,16
transaction,transaction,NOUN,16
tre,tre,VERB,16
troupe,troupe,NOUN,16
univers,univers,NOUN,16
vase,vase,NOUN,16
vexer,vexer,VERB,16
vibration,vibration,NOUN,16
village,village,NOUN,16
vital,vital,ADJ,16
égard,égard,NOUN,16
épanouir,épanouir,VERB,16
étroit,étroit,ADJ,16
